stop_z,queries_median,queries_mean,queries_p95,queries_frac_median,agreement,success
3.0,54.5,108.68,365.2499999999998,0.0133056640625,0.36,0.26
3.25,103.0,204.68,676.7999999999995,0.025146484375,0.44,0.34
3.5,135.5,295.14,1016.4499999999997,0.0330810546875,0.5,0.32
3.75,208.0,409.68,1477.0999999999995,0.05078125,0.58,0.36
4.0,435.5,663.12,1934.55,0.1063232421875,0.7,0.42
4.25,546.5,875.6,2422.85,0.1334228515625,0.8,0.5
4.5,1019.5,1183.02,2825.549999999999,0.2489013671875,0.84,0.52
4.75,1449.0,1520.92,3363.6499999999987,0.353759765625,0.9,0.54
5.0,1812.0,1877.22,3854.0499999999997,0.4423828125,0.92,0.54
5.25,2454.0,2361.02,4096.0,0.59912109375,0.96,0.56
5.5,3164.5,2786.86,4096.0,0.7725830078125,0.98,0.58
5.75,3688.5,3040.98,4096.0,0.9005126953125,0.98,0.58
6.0,4096.0,3216.52,4096.0,1.0,1.0,0.6
6.25,4096.0,3396.9,4096.0,1.0,1.0,0.6
6.5,4096.0,3537.38,4096.0,1.0,1.0,0.6
6.75,4096.0,3657.82,4096.0,1.0,1.0,0.6
7.0,4096.0,3755.5,4096.0,1.0,1.0,0.6
7.25,4096.0,3829.04,4096.0,1.0,1.0,0.6
7.5,4096.0,3894.92,4096.0,1.0,1.0,0.6
7.75,4096.0,3950.34,4096.0,1.0,1.0,0.6
8.0,4096.0,4005.92,4096.0,1.0,1.0,0.6
8.25,4096.0,4037.84,4096.0,1.0,1.0,0.6
8.5,4096.0,4050.02,4096.0,1.0,1.0,0.6
8.75,4096.0,4052.78,4096.0,1.0,1.0,0.6
9.0,4096.0,4055.72,4096.0,1.0,1.0,0.6
