budget_frac,budget,success,agreement
0.01,41,0.13333333333333333,0.13333333333333333
0.02,82,0.3,0.3333333333333333
0.03,123,0.4,0.43333333333333335
0.05,205,0.43333333333333335,0.5666666666666667
0.075,307,0.5666666666666667,0.7
0.1,410,0.5666666666666667,0.7666666666666667
0.15,614,0.6333333333333333,0.9333333333333333
0.2,819,0.6333333333333333,0.9333333333333333
0.25,1024,0.6333333333333333,0.9666666666666667
0.3,1229,0.6333333333333333,0.9666666666666667
0.4,1638,0.6333333333333333,0.9666666666666667
0.5,2048,0.6333333333333333,0.9666666666666667
0.75,3072,0.6666666666666666,1.0
1.0,4096,0.6666666666666666,1.0
