trial,method,success,agrees_with_exhaustive,best_candidate,true_candidate,gamma_correct,n_evals,seconds,stopped_by,duplicate_proposals,rank_of_true
0,exhaustive,1,1,2682,2682,1,4096,4.284510400000727,,0,0
0,sequential-earlystop,0,0,216,2682,0,592,0.6189743000140879,extreme-value,0,0
0,random,1,1,2682,2682,1,2227,2.4315070000011474,budget,0,0
0,guided-wkr-budget,1,1,2682,2682,1,2227,5.251538599986816,budget,0,0
0,guided-wkr,1,1,2682,2682,1,3956,10.36767000000691,posterior,0,0
0,guided-skopt,0,0,3837,2682,0,99,90.31264950000332,budget,1,0
1,exhaustive,1,1,2067,2067,1,4096,4.862343700020574,,0,0
1,sequential-earlystop,0,0,266,2067,1,509,0.6393437999940943,extreme-value,0,0
1,random,1,1,2067,2067,1,2227,3.83343599998625,budget,0,0
1,guided-wkr-budget,1,1,2067,2067,1,2227,6.985423699981766,budget,0,0
1,guided-wkr,1,1,2067,2067,1,4063,13.001936699991347,posterior,0,0
1,guided-skopt,0,0,2522,2067,0,99,90.25641110001015,budget,1,0
2,exhaustive,1,1,3477,3477,1,4096,4.487799599999562,,0,0
2,sequential-earlystop,0,0,771,3477,1,951,1.082275299995672,extreme-value,0,0
2,random,1,1,3477,3477,1,2227,2.3947188000020105,budget,0,0
2,guided-wkr-budget,1,1,3477,3477,1,2227,3.3930880000116304,budget,0,0
2,guided-wkr,1,1,3477,3477,1,990,1.4286431999935303,posterior,0,0
2,guided-skopt,1,1,3477,3477,1,100,53.36106580001069,budget,0,0
3,exhaustive,1,1,3161,3161,1,4096,8.886148999998113,,0,0
3,sequential-earlystop,0,0,222,3161,0,429,1.0176958999945782,extreme-value,0,0
3,random,0,0,3140,3161,0,2227,4.695324499974959,budget,0,0
3,guided-wkr-budget,1,1,3161,3161,1,2227,6.764721000014106,budget,0,0
3,guided-wkr,1,1,3161,3161,1,1236,1.7703086000110488,posterior,0,0
3,guided-skopt,0,0,2457,3161,1,99,39.84371600000304,budget,1,0
4,exhaustive,1,1,682,682,1,4096,283.3540410999849,,0,0
4,sequential-earlystop,0,0,34,682,1,35,0.030170399986673146,extreme-value,0,0
4,random,0,0,2664,682,0,2227,2.3034221999987494,budget,0,0
4,guided-wkr-budget,1,1,682,682,1,2227,3.666551399976015,budget,0,0
4,guided-wkr,1,1,682,682,1,3694,8.084411899995757,posterior,0,0
4,guided-skopt,0,0,4037,682,1,99,48.647102899994934,budget,1,0
5,exhaustive,1,1,2524,2524,1,4096,5.214220900001237,,0,0
5,sequential-earlystop,0,0,557,2524,0,558,0.786426799983019,extreme-value,0,0
5,random,1,1,2524,2524,1,2227,2.8228161000006367,budget,0,0
5,guided-wkr-budget,1,1,2524,2524,1,2227,3.642051700007869,budget,0,0
5,guided-wkr,1,1,2524,2524,1,3617,5.762845199991716,posterior,0,0
5,guided-skopt,0,0,3325,2524,1,99,42.4602969000116,budget,1,0
6,exhaustive,1,1,3642,3642,1,4096,4.445526199997403,,0,0
6,sequential-earlystop,0,0,99,3642,0,202,0.24908869998762384,extreme-value,0,0
6,random,1,1,3642,3642,1,2227,2.3540917999926023,budget,0,0
6,guided-wkr-budget,1,1,3642,3642,1,2227,3.2255308000021614,budget,0,0
6,guided-wkr,1,1,3642,3642,1,3957,6.234263799997279,posterior,0,0
6,guided-skopt,0,0,1846,3642,1,98,48.60273060001782,budget,2,0
7,exhaustive,0,1,2073,390,0,4096,4.65926970000146,,0,1
7,sequential-earlystop,0,0,2,390,0,78,0.09586879998096265,extreme-value,0,1
7,random,0,1,2073,390,0,2227,2.4747738000005484,budget,0,1
7,guided-wkr-budget,1,0,390,390,1,2227,3.3732517000171356,budget,0,1
7,guided-wkr,1,0,390,390,1,1197,1.8218499000067823,posterior,0,1
7,guided-skopt,0,0,2697,390,0,100,31.87391419999767,budget,0,1
8,exhaustive,0,1,3916,3932,0,4096,4.5943436000088695,,0,1
8,sequential-earlystop,0,0,325,3932,1,326,0.3790652999887243,extreme-value,0,1
8,random,0,0,3940,3932,0,2227,2.533392900018953,budget,0,1
8,guided-wkr-budget,0,1,3916,3932,0,2227,3.5051335000025574,budget,0,1
8,guided-wkr,0,1,3916,3932,0,2331,3.7059872999961954,posterior,0,1
8,guided-skopt,0,0,959,3932,1,100,35.56387919999543,budget,0,1
9,exhaustive,1,1,1097,1097,1,4096,4.492894900002284,,0,0
9,sequential-earlystop,0,0,203,1097,1,208,0.23629989998880774,extreme-value,0,0
9,random,1,1,1097,1097,1,2227,2.4079258000128902,budget,0,0
9,guided-wkr-budget,1,1,1097,1097,1,2227,3.3372341000067536,budget,0,0
9,guided-wkr,1,1,1097,1097,1,584,0.8390627000189852,posterior,0,0
9,guided-skopt,0,0,219,1097,0,100,36.672158400004264,budget,0,0
10,exhaustive,1,1,194,194,1,4096,4.349203099991428,,0,0
10,sequential-earlystop,0,0,64,194,1,191,0.21650430001318455,extreme-value,0,0
10,random,1,1,194,194,1,2227,2.338220100005856,budget,0,0
10,guided-wkr-budget,1,1,194,194,1,2227,3.2997426000074483,budget,0,0
10,guided-wkr,1,1,194,194,1,4096,6.427653000020655,budget,0,0
11,exhaustive,0,1,3613,3071,1,4096,4.380819599988172,,0,2
11,sequential-earlystop,0,0,26,3071,0,61,0.0681437999883201,extreme-value,0,2
11,random,0,0,221,3071,1,2227,2.4116285999771208,budget,0,2
11,guided-wkr-budget,0,1,3613,3071,1,2227,3.2411759000096936,budget,0,2
11,guided-wkr,0,1,3613,3071,1,2162,3.2277880999899935,posterior,0,2
12,exhaustive,0,1,381,364,1,4096,4.454697000008309,,0,1
12,sequential-earlystop,1,0,364,364,1,365,0.43984579999232665,extreme-value,0,1
12,random,0,0,365,364,0,2227,2.464699300006032,budget,0,1
12,guided-wkr-budget,0,1,381,364,1,2227,3.256779399991501,budget,0,1
12,guided-wkr,1,0,364,364,1,41,0.05608660000143573,posterior,0,1
13,exhaustive,1,1,168,168,1,4096,4.476811800006544,,0,0
13,sequential-earlystop,1,1,168,168,1,169,0.19006640001316555,extreme-value,0,0
13,random,0,0,184,168,0,2227,2.3996686000027694,budget,0,0
13,guided-wkr-budget,1,1,168,168,1,2227,3.2742549999966286,budget,0,0
13,guided-wkr,1,1,168,168,1,259,0.34190890000900254,posterior,0,0
14,exhaustive,0,1,3193,3902,1,4096,4.387837599992054,,0,11
14,sequential-earlystop,0,0,73,3902,1,351,0.40603730001021177,extreme-value,0,11
14,random,0,1,3193,3902,1,2227,2.4373701000004075,budget,0,11
14,guided-wkr-budget,0,1,3193,3902,1,2227,3.383711999980733,budget,0,11
14,guided-wkr,0,1,3193,3902,1,2578,3.8714596000208985,posterior,0,11
15,exhaustive,0,1,1890,1902,0,4096,4.462895500008017,,0,1
15,sequential-earlystop,0,0,396,1902,1,397,0.4686457999923732,extreme-value,0,1
15,random,0,1,1890,1902,0,2227,2.4137881999777164,budget,0,1
15,guided-wkr-budget,0,1,1890,1902,0,2227,3.354452300001867,budget,0,1
15,guided-wkr,0,1,1890,1902,0,4096,6.4903034000017215,budget,0,1
16,exhaustive,0,1,1995,3350,1,4096,4.3412742000073195,,0,54
16,sequential-earlystop,0,0,1420,3350,1,1509,1.7432874999940395,extreme-value,0,54
16,random,0,0,3857,3350,0,2227,2.29505159999826,budget,0,54
16,guided-wkr-budget,0,1,1995,3350,1,2227,3.4385335999832023,budget,0,54
16,guided-wkr,0,1,1995,3350,1,4096,6.464397700008703,budget,0,54
17,exhaustive,1,1,3444,3444,1,4096,4.420443599985447,,0,0
17,sequential-earlystop,0,0,1551,3444,1,1552,1.8916401999886148,extreme-value,0,0
17,random,1,1,3444,3444,1,2227,2.3981549000018276,budget,0,0
17,guided-wkr-budget,1,1,3444,3444,1,2227,3.2917982999933884,budget,0,0
17,guided-wkr,1,1,3444,3444,1,2464,3.763545499998145,posterior,0,0
18,exhaustive,1,1,263,263,1,4096,4.463723399996525,,0,0
18,sequential-earlystop,1,1,263,263,1,264,0.2944322999974247,extreme-value,0,0
18,random,1,1,263,263,1,2227,2.4298642000067048,budget,0,0
18,guided-wkr-budget,1,1,263,263,1,2227,3.4791707000113092,budget,0,0
18,guided-wkr,1,1,263,263,1,4055,6.644721899996512,posterior,0,0
19,exhaustive,1,1,1999,1999,1,4096,4.633579300018027,,0,0
19,sequential-earlystop,0,0,50,1999,1,99,0.10701509998762049,extreme-value,0,0
19,random,1,1,1999,1999,1,2227,2.5504298000014387,budget,0,0
19,guided-wkr-budget,1,1,1999,1999,1,2227,3.3637062999769114,budget,0,0
19,guided-wkr,1,1,1999,1999,1,4096,6.693782599992119,budget,0,0
20,exhaustive,1,1,2020,2020,1,4096,4.51879210001789,,0,0
20,sequential-earlystop,0,0,206,2020,1,207,0.2218214999884367,extreme-value,0,0
20,random,0,0,1340,2020,1,2227,2.4503760999941733,budget,0,0
20,guided-wkr-budget,1,1,2020,2020,1,2227,3.198621899995487,budget,0,0
20,guided-wkr,1,1,2020,2020,1,3996,6.2723148000077344,posterior,0,0
21,exhaustive,1,1,162,162,1,4096,4.424695599998813,,0,0
21,sequential-earlystop,0,0,73,162,0,82,0.08105670000077225,extreme-value,0,0
21,random,0,0,191,162,0,2227,2.3788996000075713,budget,0,0
21,guided-wkr-budget,1,1,162,162,1,2227,3.2976943000103347,budget,0,0
21,guided-wkr,1,1,162,162,1,1101,1.5896342000050936,posterior,0,0
22,exhaustive,0,1,266,10,1,4096,4.477854099997785,,0,84
22,sequential-earlystop,0,0,160,10,1,161,0.1716053000127431,extreme-value,0,84
22,random,0,1,266,10,1,2227,2.307074400014244,budget,0,84
22,guided-wkr-budget,0,1,266,10,1,2227,3.316678300005151,budget,0,84
22,guided-wkr,0,1,266,10,1,2629,3.941481299989391,posterior,0,84
23,exhaustive,0,1,1515,683,1,4096,4.336937999993097,,0,1
23,sequential-earlystop,0,0,33,683,0,37,0.046256300003733486,extreme-value,0,1
23,random,0,1,1515,683,1,2227,2.566834499972174,budget,0,1
23,guided-wkr-budget,0,1,1515,683,1,2227,3.2729261000058614,budget,0,1
23,guided-wkr,0,1,1515,683,1,3667,5.762428299989551,posterior,0,1
24,exhaustive,1,1,2023,2023,1,4096,4.218517700006487,,0,0
24,sequential-earlystop,0,0,533,2023,0,534,0.5468732999870554,extreme-value,0,0
24,random,0,0,2039,2023,0,2227,2.333641000004718,budget,0,0
24,guided-wkr-budget,1,1,2023,2023,1,2227,3.377984499995364,budget,0,0
24,guided-wkr,1,1,2023,2023,1,3768,5.716934300027788,posterior,0,0
25,exhaustive,1,1,3760,3760,1,4096,4.304290100000799,,0,0
25,sequential-earlystop,0,0,32,3760,1,33,0.03795609998633154,extreme-value,0,0
25,random,0,0,32,3760,1,2227,2.3684497000067495,budget,0,0
25,guided-wkr-budget,1,1,3760,3760,1,2227,3.189776199986227,budget,0,0
25,guided-wkr,1,1,3760,3760,1,2397,3.5627021999971475,posterior,0,0
26,exhaustive,1,1,3070,3070,1,4096,4.361939499998698,,0,0
26,sequential-earlystop,0,0,1583,3070,1,1584,1.7918847000109963,extreme-value,0,0
26,random,0,0,4031,3070,0,2227,2.436618100007763,budget,0,0
26,guided-wkr-budget,1,1,3070,3070,1,2227,3.323757999984082,budget,0,0
26,guided-wkr,1,1,3070,3070,1,3822,5.969907699996838,posterior,0,0
27,exhaustive,1,1,3862,3862,1,4096,4.371402800024953,,0,0
27,sequential-earlystop,0,0,22,3862,0,32,0.029888699995353818,extreme-value,0,0
27,random,1,1,3862,3862,1,2227,2.2617842000036035,budget,0,0
27,guided-wkr-budget,1,1,3862,3862,1,2227,3.294214199995622,budget,0,0
27,guided-wkr,1,1,3862,3862,1,1714,2.5324420999968424,posterior,0,0
28,exhaustive,1,1,3061,3061,1,4096,4.360641999985091,,0,0
28,sequential-earlystop,0,0,366,3061,0,367,0.42970099998638034,extreme-value,0,0
28,random,1,1,3061,3061,1,2227,2.2506110000249464,budget,0,0
28,guided-wkr-budget,1,1,3061,3061,1,2227,3.2771710000233725,budget,0,0
28,guided-wkr,1,1,3061,3061,1,1930,2.8883387000241783,posterior,0,0
29,exhaustive,0,1,1405,3414,0,4096,4.475334599992493,,0,3
29,sequential-earlystop,0,0,77,3414,0,105,0.11557940000784583,extreme-value,0,3
29,random,0,1,1405,3414,0,2227,2.367502200009767,budget,0,3
29,guided-wkr-budget,0,1,1405,3414,0,2227,3.2955910000018775,budget,0,3
29,guided-wkr,0,1,1405,3414,0,4096,6.393988499999978,budget,0,3
30,exhaustive,0,1,1661,2619,1,4096,4.502167200000258,,0,122
30,sequential-earlystop,0,0,715,2619,1,716,0.8410866000049282,extreme-value,0,122
30,random,0,1,1661,2619,1,2227,2.4411579000006896,budget,0,122
30,guided-wkr-budget,0,1,1661,2619,1,2227,3.3429363000032026,budget,0,122
30,guided-wkr,0,1,1661,2619,1,1314,1.9840382999973372,posterior,0,122
31,exhaustive,1,1,66,66,1,4096,4.440042200003518,,0,0
31,sequential-earlystop,1,1,66,66,1,67,0.07711279997602105,extreme-value,0,0
31,random,1,1,66,66,1,2227,2.4536784999945667,budget,0,0
31,guided-wkr-budget,1,1,66,66,1,2227,3.3269459000148345,budget,0,0
31,guided-wkr,1,1,66,66,1,2502,3.8431033000233583,posterior,0,0
32,exhaustive,1,1,3420,3420,1,4096,4.481441799987806,,0,0
32,sequential-earlystop,0,0,100,3420,0,101,0.11750839999876916,extreme-value,0,0
32,random,1,1,3420,3420,1,2227,2.484018900024239,budget,0,0
32,guided-wkr-budget,1,1,3420,3420,1,2227,3.481363099999726,budget,0,0
32,guided-wkr,1,1,3420,3420,1,4096,6.599802699987777,budget,0,0
33,exhaustive,1,1,1901,1901,1,4096,4.528448600001866,,0,0
33,sequential-earlystop,0,0,8,1901,0,32,0.04366719999234192,extreme-value,0,0
33,random,0,0,1917,1901,0,2227,2.4665413000038825,budget,0,0
33,guided-wkr-budget,1,1,1901,1901,1,2227,3.07189500000095,budget,0,0
33,guided-wkr,1,1,1901,1901,1,4096,6.278243700013263,budget,0,0
34,exhaustive,1,1,3672,3672,1,4096,3.8679388999880757,,0,0
34,sequential-earlystop,0,0,39,3672,1,40,0.0376047000172548,extreme-value,0,0
34,random,1,1,3672,3672,1,2227,2.09958270000061,budget,0,0
34,guided-wkr-budget,1,1,3672,3672,1,2227,2.9216572000004817,budget,0,0
34,guided-wkr,1,1,3672,3672,1,4096,5.788163600023836,budget,0,0
35,exhaustive,0,1,2183,2224,1,4096,3.822136100003263,,0,2
35,sequential-earlystop,0,0,1352,2224,0,1353,1.3611904999997932,extreme-value,0,2
35,random,0,1,2183,2224,1,2227,2.0666668999765534,budget,0,2
35,guided-wkr-budget,0,1,2183,2224,1,2227,2.9688054000143893,budget,0,2
35,guided-wkr,0,1,2183,2224,1,4096,5.761780899978476,budget,0,2
36,exhaustive,1,1,1807,1807,1,4096,3.746404200006509,,0,0
36,sequential-earlystop,0,0,96,1807,0,101,0.09561689998372458,extreme-value,0,0
36,random,1,1,1807,1807,1,2227,2.103124899993418,budget,0,0
36,guided-wkr-budget,1,1,1807,1807,1,2227,2.947596300014993,budget,0,0
36,guided-wkr,1,1,1807,1807,1,2790,3.7766414000070654,posterior,0,0
37,exhaustive,1,1,1641,1641,1,4096,3.823761999985436,,0,0
37,sequential-earlystop,0,0,105,1641,0,106,0.10414619999937713,extreme-value,0,0
37,random,0,0,3753,1641,0,2227,2.0897416999796405,budget,0,0
37,guided-wkr-budget,1,1,1641,1641,1,2227,2.975115899986122,budget,0,0
37,guided-wkr,1,1,1641,1641,1,4096,5.705575400002999,budget,0,0
38,exhaustive,0,1,2608,3028,1,4096,3.8574862999957986,,0,39
38,sequential-earlystop,0,0,247,3028,1,435,0.41505949999555014,extreme-value,0,39
38,random,0,1,2608,3028,1,2227,2.10422110001673,budget,0,39
38,guided-wkr-budget,0,1,2608,3028,1,2227,2.9569590000028256,budget,0,39
38,guided-wkr,0,1,2608,3028,1,3166,4.282370499975514,posterior,0,39
39,exhaustive,0,1,2103,1216,0,4096,3.8027760999975726,,0,2
39,sequential-earlystop,0,0,40,1216,1,41,0.039593699999386445,extreme-value,0,2
39,random,0,0,2487,1216,1,2227,2.051905700005591,budget,0,2
39,guided-wkr-budget,0,1,2103,1216,0,2227,2.9276525999885052,budget,0,2
39,guided-wkr,0,1,2103,1216,0,203,0.2405080999888014,posterior,0,2
40,exhaustive,1,1,1935,1935,1,4096,3.765291200019419,,0,0
40,sequential-earlystop,0,0,235,1935,1,236,0.2357501000224147,extreme-value,0,0
40,random,0,0,235,1935,1,2227,2.093037100014044,budget,0,0
40,guided-wkr-budget,1,1,1935,1935,1,2227,2.95864509997773,budget,0,0
40,guided-wkr,1,1,1935,1935,1,2766,3.7490618000156246,posterior,0,0
41,exhaustive,1,1,2943,2943,1,4096,3.817061600013403,,0,0
41,sequential-earlystop,0,0,176,2943,1,177,0.17496820000815205,extreme-value,0,0
41,random,1,1,2943,2943,1,2227,2.1079651000036392,budget,0,0
41,guided-wkr-budget,1,1,2943,2943,1,2227,2.9273861999972723,budget,0,0
41,guided-wkr,1,1,2943,2943,1,4096,5.69965830000001,budget,0,0
42,exhaustive,0,1,3139,3155,0,4096,3.8410715999780223,,0,1
42,sequential-earlystop,0,0,351,3155,1,352,0.3493247000151314,extreme-value,0,1
42,random,0,0,3167,3155,0,2227,2.080730899993796,budget,0,1
42,guided-wkr-budget,0,1,3139,3155,0,2227,2.9903303000028245,budget,0,1
42,guided-wkr,0,1,3139,3155,0,1247,1.6165834999992512,posterior,0,1
43,exhaustive,1,1,11,11,1,4096,3.814855599979637,,0,0
43,sequential-earlystop,1,1,11,11,1,99,0.09291160001885146,extreme-value,0,0
43,random,1,1,11,11,1,2227,2.076426600018749,budget,0,0
43,guided-wkr-budget,1,1,11,11,1,2227,2.9784592000069097,budget,0,0
43,guided-wkr,1,1,11,11,1,260,0.3438617000065278,posterior,0,0
44,exhaustive,1,1,3250,3250,1,4096,3.8024876000126824,,0,0
44,sequential-earlystop,0,0,366,3250,1,367,0.3663241000031121,extreme-value,0,0
44,random,0,0,3234,3250,0,2227,2.1005275000061374,budget,0,0
44,guided-wkr-budget,1,1,3250,3250,1,2227,2.9233966000028886,budget,0,0
44,guided-wkr,1,1,3250,3250,1,1614,2.104599100013729,posterior,0,0
45,exhaustive,1,1,552,552,1,4096,3.77104180000606,,0,0
45,sequential-earlystop,0,0,524,552,0,525,0.5200149999873247,extreme-value,0,0
45,random,0,0,548,552,0,2227,2.099007700016955,budget,0,0
45,guided-wkr-budget,1,1,552,552,1,2227,2.9809768999984954,budget,0,0
45,guided-wkr,1,1,552,552,1,3577,4.955074900004547,posterior,0,0
46,exhaustive,1,1,845,845,1,4096,3.788546800002223,,0,0
46,sequential-earlystop,0,0,844,845,0,845,0.8509868999826722,extreme-value,0,0
46,random,0,0,3166,845,1,2227,2.086685000016587,budget,0,0
46,guided-wkr-budget,1,1,845,845,1,2227,2.9663996000017505,budget,0,0
46,guided-wkr,1,1,845,845,1,397,0.5140583000029437,posterior,0,0
47,exhaustive,1,1,1357,1357,1,4096,3.790214900014689,,0,0
47,sequential-earlystop,0,0,7,1357,1,32,0.0368818000133615,extreme-value,0,0
47,random,0,0,2918,1357,0,2227,2.1319092999910936,budget,0,0
47,guided-wkr-budget,1,1,1357,1357,1,2227,2.9203105999913532,budget,0,0
47,guided-wkr,1,1,1357,1357,1,4096,5.686835500004236,budget,0,0
48,exhaustive,1,1,3131,3131,1,4096,3.774177899991628,,0,0
48,sequential-earlystop,0,0,1490,3131,1,1491,1.4932222999923397,extreme-value,0,0
48,random,0,0,4019,3131,0,2227,2.044668799993815,budget,0,0
48,guided-wkr-budget,1,1,3131,3131,1,2227,2.9759811999974772,budget,0,0
48,guided-wkr,1,1,3131,3131,1,2733,3.694635300023947,posterior,0,0
49,exhaustive,1,1,431,431,1,4096,3.803234999999404,,0,0
49,sequential-earlystop,1,1,431,431,1,432,0.4231451000086963,extreme-value,0,0
49,random,0,0,1479,431,1,2227,2.0719353000167757,budget,0,0
49,guided-wkr-budget,1,1,431,431,1,2227,2.995371500001056,budget,0,0
49,guided-wkr,1,1,431,431,1,4096,5.706521300016902,budget,0,0
50,exhaustive,1,1,461,461,1,4096,3.86248940002406,,0,0
50,sequential-earlystop,1,1,461,461,1,462,0.452663100004429,extreme-value,0,0
50,random,0,0,3427,461,0,2227,2.0700097999942955,budget,0,0
50,guided-wkr-budget,1,1,461,461,1,2227,2.9721882000158075,budget,0,0
50,guided-wkr,1,1,461,461,1,1455,1.9194311999890488,posterior,0,0
51,exhaustive,0,1,1050,3601,1,4096,3.9109892999986187,,0,1
51,sequential-earlystop,0,0,40,3601,1,82,0.07794049999210984,extreme-value,0,1
51,random,0,1,1050,3601,1,2227,2.0905039999925066,budget,0,1
51,guided-wkr-budget,0,1,1050,3601,1,2227,2.9898319999920204,budget,0,1
51,guided-wkr,0,1,1050,3601,1,1492,1.9118779000127688,posterior,0,1
52,exhaustive,1,1,3039,3039,1,4096,3.798024499992607,,0,0
52,sequential-earlystop,0,0,31,3039,1,59,0.05747009997139685,extreme-value,0,0
52,random,1,1,3039,3039,1,2227,2.0424427000107244,budget,0,0
52,guided-wkr-budget,1,1,3039,3039,1,2227,2.9602017999859527,budget,0,0
52,guided-wkr,1,1,3039,3039,1,582,0.7327752000128385,posterior,0,0
53,exhaustive,1,1,934,934,1,4096,3.8358248000149615,,0,0
53,sequential-earlystop,0,0,102,934,0,103,0.09619350000866689,extreme-value,0,0
53,random,1,1,934,934,1,2227,2.0573122999921907,budget,0,0
53,guided-wkr-budget,1,1,934,934,1,2227,2.941511300014099,budget,0,0
53,guided-wkr,1,1,934,934,1,1356,1.7468625000037719,posterior,0,0
54,exhaustive,1,1,3216,3216,1,4096,3.800382699992042,,0,0
54,sequential-earlystop,0,0,36,3216,1,252,0.2454921999888029,extreme-value,0,0
54,random,0,0,917,3216,0,2227,2.0753111999947578,budget,0,0
54,guided-wkr-budget,1,1,3216,3216,1,2227,2.9392307000234723,budget,0,0
54,guided-wkr,1,1,3216,3216,1,60,0.07520530000329018,posterior,0,0
55,exhaustive,1,1,1894,1894,1,4096,3.804775199998403,,0,0
55,sequential-earlystop,0,0,64,1894,0,96,0.09410139999818057,extreme-value,0,0
55,random,0,0,1910,1894,0,2227,2.0774794000026304,budget,0,0
55,guided-wkr-budget,1,1,1894,1894,1,2227,2.925459399993997,budget,0,0
55,guided-wkr,1,1,1894,1894,1,1207,1.555361399980029,posterior,0,0
56,exhaustive,1,1,616,616,1,4096,3.818336199998157,,0,0
56,sequential-earlystop,0,0,14,616,0,221,0.21955109998816624,extreme-value,0,0
56,random,0,0,3466,616,1,2227,2.0909124000172596,budget,0,0
56,guided-wkr-budget,1,1,616,616,1,2227,2.966855199978454,budget,0,0
56,guided-wkr,1,1,616,616,1,4096,5.748074300005101,budget,0,0
57,exhaustive,0,1,2517,2388,1,4096,3.8009193999751005,,0,3
57,sequential-earlystop,0,0,27,2388,0,32,0.02874000000883825,extreme-value,0,3
57,random,0,1,2517,2388,1,2227,2.070180499984417,budget,0,3
57,guided-wkr-budget,0,1,2517,2388,1,2227,2.916430399985984,budget,0,3
57,guided-wkr,0,1,2517,2388,1,1997,2.61765720002586,posterior,0,3
58,exhaustive,1,1,3510,3510,1,4096,3.799707700003637,,0,0
58,sequential-earlystop,0,0,182,3510,0,183,0.17290740000316873,extreme-value,0,0
58,random,1,1,3510,3510,1,2227,2.0564022999897134,budget,0,0
58,guided-wkr-budget,1,1,3510,3510,1,2227,2.9240486999915447,budget,0,0
58,guided-wkr,1,1,3510,3510,1,73,0.08950100000947714,posterior,0,0
59,exhaustive,0,1,3515,3801,1,4096,3.8149053000088315,,0,2
59,sequential-earlystop,0,0,87,3801,1,88,0.08673150002141483,extreme-value,0,2
59,random,0,1,3515,3801,1,2227,2.0858470000093803,budget,0,2
59,guided-wkr-budget,0,1,3515,3801,1,2227,2.9767675999901257,budget,0,2
59,guided-wkr,0,1,3515,3801,1,4096,5.725604800012661,budget,0,2
60,exhaustive,1,1,2810,2810,1,4096,3.83535569999367,,0,0
60,sequential-earlystop,0,0,65,2810,0,155,0.15160260000266135,extreme-value,0,0
60,random,1,1,2810,2810,1,2227,2.0563648999959696,budget,0,0
60,guided-wkr-budget,1,1,2810,2810,1,2227,2.9755998000036925,budget,0,0
60,guided-wkr,1,1,2810,2810,1,1819,2.380078499991214,posterior,0,0
61,exhaustive,1,1,1933,1933,1,4096,3.809328400006052,,0,0
61,sequential-earlystop,0,0,845,1933,1,846,0.860066299996106,extreme-value,0,0
61,random,1,1,1933,1933,1,2227,2.08117979997769,budget,0,0
61,guided-wkr-budget,1,1,1933,1933,1,2227,2.9568716999783646,budget,0,0
61,guided-wkr,1,1,1933,1933,1,1032,1.3375263000198174,posterior,0,0
62,exhaustive,1,1,3288,3288,1,4096,3.7617297999968287,,0,0
62,sequential-earlystop,0,0,262,3288,0,263,0.2501730999792926,extreme-value,0,0
62,random,0,0,2999,3288,1,2227,2.10341559999506,budget,0,0
62,guided-wkr-budget,1,1,3288,3288,1,2227,2.9162405999959446,budget,0,0
62,guided-wkr,1,1,3288,3288,1,1097,1.4267902999999933,posterior,0,0
63,exhaustive,0,1,521,3257,1,4096,3.7964768999954686,,0,1
63,sequential-earlystop,0,0,73,3257,1,254,0.2504546999989543,extreme-value,0,1
63,random,0,1,521,3257,1,2227,2.107781199971214,budget,0,1
63,guided-wkr-budget,0,1,521,3257,1,2227,2.9368869999889284,budget,0,1
63,guided-wkr,0,1,521,3257,1,4096,5.731457100016996,budget,0,1
64,exhaustive,0,1,283,2525,1,4096,3.8308554999821354,,0,23
64,sequential-earlystop,0,1,283,2525,1,284,0.26885540000512265,extreme-value,0,23
64,random,0,1,283,2525,1,2227,2.1182408000167925,budget,0,23
64,guided-wkr-budget,0,1,283,2525,1,2227,2.98336990000098,budget,0,23
64,guided-wkr,0,1,283,2525,1,4096,5.788172000000486,budget,0,23
65,exhaustive,0,1,1229,2136,1,4096,3.8286796000029426,,0,22
65,sequential-earlystop,0,1,1229,2136,1,1230,1.2268401999899652,extreme-value,0,22
65,random,0,0,1271,2136,1,2227,2.0920055999886245,budget,0,22
65,guided-wkr-budget,0,1,1229,2136,1,2227,3.0063582000148017,budget,0,22
65,guided-wkr,0,1,1229,2136,1,3356,4.865817400015658,posterior,0,22
66,exhaustive,1,1,2707,2707,1,4096,3.8162427000061143,,0,0
66,sequential-earlystop,0,0,143,2707,1,144,0.1396563000162132,extreme-value,0,0
66,random,0,0,159,2707,0,2227,2.0969456000020728,budget,0,0
66,guided-wkr-budget,1,1,2707,2707,1,2227,2.9410959999950137,budget,0,0
66,guided-wkr,1,1,2707,2707,1,491,0.6180540999921504,posterior,0,0
67,exhaustive,1,1,327,327,1,4096,3.828165300015826,,0,0
67,sequential-earlystop,0,0,71,327,1,72,0.06876669998746365,extreme-value,0,0
67,random,1,1,327,327,1,2227,2.0953199999930803,budget,0,0
67,guided-wkr-budget,1,1,327,327,1,2227,2.987587400013581,budget,0,0
67,guided-wkr,1,1,327,327,1,33,0.03787900001043454,posterior,0,0
68,exhaustive,0,1,1844,1828,0,4096,3.8139076000079513,,0,1
68,sequential-earlystop,0,0,145,1828,1,146,0.1499242999998387,extreme-value,0,1
68,random,0,1,1844,1828,0,2227,2.078898499981733,budget,0,1
68,guided-wkr-budget,0,1,1844,1828,0,2227,2.9759515000041574,budget,0,1
68,guided-wkr,0,1,1844,1828,0,4096,5.79027369999676,budget,0,1
69,exhaustive,0,1,1700,1705,1,4096,3.8081772000005003,,0,6
69,sequential-earlystop,0,0,8,1705,1,85,0.08140949998050928,extreme-value,0,6
69,random,0,1,1700,1705,1,2227,2.064838399994187,budget,0,6
69,guided-wkr-budget,0,1,1700,1705,1,2227,2.9871064000180922,budget,0,6
69,guided-wkr,0,1,1700,1705,1,1207,1.568671400018502,posterior,0,6
70,exhaustive,1,1,2526,2526,1,4096,3.8474853999796323,,0,0
70,sequential-earlystop,0,0,68,2526,1,69,0.0667480000120122,extreme-value,0,0
70,random,1,1,2526,2526,1,2227,2.067883100011386,budget,0,0
70,guided-wkr-budget,1,1,2526,2526,1,2227,2.9752949999819975,budget,0,0
70,guided-wkr,1,1,2526,2526,1,3995,5.602642499987269,posterior,0,0
71,exhaustive,1,1,2484,2484,1,4096,3.831922699988354,,0,0
71,sequential-earlystop,0,0,244,2484,0,352,0.3286003000102937,extreme-value,0,0
71,random,1,1,2484,2484,1,2227,2.049017300014384,budget,0,0
71,guided-wkr-budget,1,1,2484,2484,1,2227,2.970626499998616,budget,0,0
71,guided-wkr,1,1,2484,2484,1,3824,5.3047860999940895,posterior,0,0
72,exhaustive,1,1,3641,3641,1,4096,3.8455354999750853,,0,0
72,sequential-earlystop,0,0,64,3641,1,65,0.0648761999909766,extreme-value,0,0
72,random,0,0,3620,3641,0,2227,2.0819771999958903,budget,0,0
72,guided-wkr-budget,1,1,3641,3641,1,2227,2.9839517999789678,budget,0,0
72,guided-wkr,1,1,3641,3641,1,987,1.2502042000123765,posterior,0,0
73,exhaustive,0,1,3112,1479,0,4096,3.815505199978361,,0,98
73,sequential-earlystop,0,0,116,1479,1,118,0.11416349999490194,extreme-value,0,98
73,random,0,1,3112,1479,0,2227,2.0837251999764703,budget,0,98
73,guided-wkr-budget,0,1,3112,1479,0,2227,2.942922299989732,budget,0,98
73,guided-wkr,0,1,3112,1479,0,4096,5.7058528999914415,budget,0,98
74,exhaustive,1,1,2365,2365,1,4096,3.7890893000003416,,0,0
74,sequential-earlystop,0,0,1111,2365,1,2060,2.121426199999405,extreme-value,0,0
74,random,1,1,2365,2365,1,2227,2.0584827000275254,budget,0,0
74,guided-wkr-budget,1,1,2365,2365,1,2227,2.957757700001821,budget,0,0
74,guided-wkr,1,1,2365,2365,1,2771,3.7266225999919698,posterior,0,0
75,exhaustive,0,1,1770,1706,0,4096,3.770341900002677,,0,34
75,sequential-earlystop,0,1,1770,1706,0,1771,1.8212145999714267,extreme-value,0,34
75,random,0,0,3138,1706,1,2227,2.077641899988521,budget,0,34
75,guided-wkr-budget,0,1,1770,1706,0,2227,2.9507030000095256,budget,0,34
75,guided-wkr,0,1,1770,1706,0,2151,2.8468470000079833,posterior,0,34
76,exhaustive,1,1,2870,2870,1,4096,3.7908422999898903,,0,0
76,sequential-earlystop,0,0,134,2870,0,135,0.1289942000003066,extreme-value,0,0
76,random,1,1,2870,2870,1,2227,2.0675992000033148,budget,0,0
76,guided-wkr-budget,1,1,2870,2870,1,2227,2.915874400001485,budget,0,0
76,guided-wkr,1,1,2870,2870,1,794,0.9812987000041176,posterior,0,0
77,exhaustive,0,1,1801,2672,0,4096,3.820088999986183,,0,69
77,sequential-earlystop,0,0,46,2672,1,126,0.1243026000156533,extreme-value,0,69
77,random,0,1,1801,2672,0,2227,2.106884600012563,budget,0,69
77,guided-wkr-budget,0,1,1801,2672,0,2227,2.9970474999863654,budget,0,69
77,guided-wkr,0,1,1801,2672,0,3348,4.530098300019745,posterior,0,69
78,exhaustive,0,1,1623,1610,0,4096,3.8190024999785237,,0,4
78,sequential-earlystop,0,0,1300,1610,1,1301,1.3212084000115283,extreme-value,0,4
78,random,0,1,1623,1610,0,2227,2.072278300009202,budget,0,4
78,guided-wkr-budget,0,1,1623,1610,0,2227,2.941334499977529,budget,0,4
78,guided-wkr,0,1,1623,1610,0,4096,5.723966399993515,budget,0,4
79,exhaustive,1,1,521,521,1,4096,3.8189137000008486,,0,0
79,sequential-earlystop,1,1,521,521,1,522,0.5207610999932513,extreme-value,0,0
79,random,0,0,1980,521,1,2227,2.086348100012401,budget,0,0
79,guided-wkr-budget,1,1,521,521,1,2227,2.9486518000194337,budget,0,0
79,guided-wkr,1,1,521,521,1,3370,4.64328220000607,posterior,0,0
80,exhaustive,0,1,2554,3895,0,4096,3.819110200012801,,0,9
80,sequential-earlystop,0,0,177,3895,1,227,0.22337230000994168,extreme-value,0,9
80,random,0,0,1920,3895,0,2227,2.0566347999847494,budget,0,9
80,guided-wkr-budget,0,1,2554,3895,0,2227,2.938858800014714,budget,0,9
80,guided-wkr,0,1,2554,3895,0,3362,4.645186800014926,posterior,0,9
81,exhaustive,1,1,1633,1633,1,4096,3.8351078999985475,,0,0
81,sequential-earlystop,0,0,1455,1633,1,1456,1.467890100000659,extreme-value,0,0
81,random,1,1,1633,1633,1,2227,2.1096244000073057,budget,0,0
81,guided-wkr-budget,1,1,1633,1633,1,2227,2.961003800010076,budget,0,0
81,guided-wkr,1,1,1633,1633,1,33,0.042684299987740815,posterior,0,0
82,exhaustive,1,1,747,747,1,4096,3.7727481000183616,,0,0
82,sequential-earlystop,0,0,683,747,0,684,0.6787623999989592,extreme-value,0,0
82,random,0,0,763,747,0,2227,2.021966199972667,budget,0,0
82,guided-wkr-budget,1,1,747,747,1,2227,2.9578509000129998,budget,0,0
82,guided-wkr,1,1,747,747,1,2109,2.7941494999977294,posterior,0,0
83,exhaustive,1,1,2258,2258,1,4096,3.776701499999035,,0,0
83,sequential-earlystop,0,0,1897,2258,1,1898,1.920447200012859,extreme-value,0,0
83,random,0,0,2367,2258,1,2227,2.0769847000192385,budget,0,0
83,guided-wkr-budget,1,1,2258,2258,1,2227,2.9106314000091515,budget,0,0
83,guided-wkr,1,1,2258,2258,1,4096,5.674023900006432,budget,0,0
84,exhaustive,1,1,3248,3248,1,4096,3.765331000002334,,0,0
84,sequential-earlystop,0,0,66,3248,1,67,0.06532169997808523,extreme-value,0,0
84,random,0,0,1820,3248,0,2227,2.0856243000016548,budget,0,0
84,guided-wkr-budget,1,1,3248,3248,1,2227,2.9605355999956373,budget,0,0
84,guided-wkr,1,1,3248,3248,1,3989,5.554445299989311,posterior,0,0
85,exhaustive,1,1,3583,3583,1,4096,3.8312395999964792,,0,0
85,sequential-earlystop,0,0,1813,3583,0,1814,1.8226036000123713,extreme-value,0,0
85,random,0,0,3567,3583,0,2227,2.0867175000021234,budget,0,0
85,guided-wkr-budget,1,1,3583,3583,1,2227,2.9533979000116233,budget,0,0
85,guided-wkr,1,1,3583,3583,1,2872,3.9264166000066325,posterior,0,0
86,exhaustive,1,1,1672,1672,1,4096,3.8015904999920167,,0,0
86,sequential-earlystop,0,0,66,1672,0,67,0.06499449998955242,extreme-value,0,0
86,random,0,0,1732,1672,1,2227,2.097184300015215,budget,0,0
86,guided-wkr-budget,1,1,1672,1672,1,2227,2.9761877999990247,budget,0,0
86,guided-wkr,1,1,1672,1672,1,906,1.1523728000174742,posterior,0,0
87,exhaustive,1,1,3933,3933,1,4096,3.8234250000095926,,0,0
87,sequential-earlystop,0,0,52,3933,0,61,0.05847310001263395,extreme-value,0,0
87,random,1,1,3933,3933,1,2227,2.100864100008039,budget,0,0
87,guided-wkr-budget,1,1,3933,3933,1,2227,2.9550441000028513,budget,0,0
87,guided-wkr,1,1,3933,3933,1,4096,5.765835899976082,budget,0,0
88,exhaustive,1,1,262,262,1,4096,3.8411679999844637,,0,0
88,sequential-earlystop,1,1,262,262,1,263,0.24309590001939796,extreme-value,0,0
88,random,1,1,262,262,1,2227,2.0906019000103697,budget,0,0
88,guided-wkr-budget,1,1,262,262,1,2227,2.9749408999923617,budget,0,0
88,guided-wkr,1,1,262,262,1,38,0.048184200015384704,posterior,0,0
89,exhaustive,1,1,1444,1444,1,4096,3.7849915999977384,,0,0
89,sequential-earlystop,0,0,67,1444,0,145,0.14208830002462491,extreme-value,0,0
89,random,1,1,1444,1444,1,2227,2.0471340999938548,budget,0,0
89,guided-wkr-budget,1,1,1444,1444,1,2227,2.9583738000073936,budget,0,0
89,guided-wkr,1,1,1444,1444,1,1752,2.31589639998856,posterior,0,0
90,exhaustive,1,1,130,130,1,4096,3.788925000000745,,0,0
90,sequential-earlystop,0,0,72,130,0,73,0.07562879999750294,extreme-value,0,0
90,random,0,0,146,130,0,2227,2.09517099999357,budget,0,0
90,guided-wkr-budget,1,1,130,130,1,2227,2.973391999985324,budget,0,0
90,guided-wkr,1,1,130,130,1,1321,1.6760135999938939,posterior,0,0
91,exhaustive,1,1,3153,3153,1,4096,3.839650800015079,,0,0
91,sequential-earlystop,0,0,135,3153,1,1320,1.3324216000037268,extreme-value,0,0
91,random,1,1,3153,3153,1,2227,2.0965484000043944,budget,0,0
91,guided-wkr-budget,1,1,3153,3153,1,2227,2.9725611000030767,budget,0,0
91,guided-wkr,1,1,3153,3153,1,1997,2.6775417999888305,posterior,0,0
92,exhaustive,0,1,2600,2616,0,4096,3.7928661000041757,,0,1
92,sequential-earlystop,0,0,40,2616,0,45,0.04118100000778213,extreme-value,0,1
92,random,1,0,2616,2616,1,2227,2.163067699992098,budget,0,1
92,guided-wkr-budget,0,1,2600,2616,0,2227,2.953917700011516,budget,0,1
92,guided-wkr,0,1,2600,2616,0,4096,5.7312816999910865,budget,0,1
93,exhaustive,0,1,151,139,1,4096,3.8543544999847654,,0,2
93,sequential-earlystop,0,0,135,139,0,136,0.13330709998263046,extreme-value,0,2
93,random,1,0,139,139,1,2227,2.108156300004339,budget,0,2
93,guided-wkr-budget,0,1,151,139,1,2227,2.9640771000122186,budget,0,2
93,guided-wkr,0,1,151,139,1,2843,3.86363330000313,posterior,0,2
94,exhaustive,1,1,303,303,1,4096,3.8251576000184286,,0,0
94,sequential-earlystop,1,1,303,303,1,304,0.29898610000964254,extreme-value,0,0
94,random,1,1,303,303,1,2227,2.0966368000081275,budget,0,0
94,guided-wkr-budget,1,1,303,303,1,2227,2.9250787999772,budget,0,0
94,guided-wkr,1,1,303,303,1,1698,2.236022899975069,posterior,0,0
95,exhaustive,1,1,3312,3312,1,4096,3.8152253000007477,,0,0
95,sequential-earlystop,0,0,788,3312,0,789,0.7729928999906406,extreme-value,0,0
95,random,1,1,3312,3312,1,2227,2.066521000000648,budget,0,0
95,guided-wkr-budget,1,1,3312,3312,1,2227,2.9479378999967594,budget,0,0
95,guided-wkr,1,1,3312,3312,1,64,0.08645760000217706,posterior,0,0
96,exhaustive,0,1,3445,3257,0,4096,3.7597379999933764,,0,26
96,sequential-earlystop,0,0,377,3257,1,378,0.3708479000197258,extreme-value,0,26
96,random,0,1,3445,3257,0,2227,2.0795832999865524,budget,0,26
96,guided-wkr-budget,0,1,3445,3257,0,2227,2.949083999992581,budget,0,26
96,guided-wkr,0,1,3445,3257,0,4096,5.79958260001149,budget,0,26
97,exhaustive,1,1,2202,2202,1,4096,3.8080700999998953,,0,0
97,sequential-earlystop,0,0,303,2202,1,304,0.3081910000182688,extreme-value,0,0
97,random,0,0,2186,2202,0,2227,2.1018150000018068,budget,0,0
97,guided-wkr-budget,1,1,2202,2202,1,2227,2.983560699998634,budget,0,0
97,guided-wkr,1,1,2202,2202,1,2434,3.2530278000049293,posterior,0,0
98,exhaustive,1,1,2683,2683,1,4096,3.77783529998851,,0,0
98,sequential-earlystop,0,0,107,2683,0,108,0.1039112999860663,extreme-value,0,0
98,random,0,0,2663,2683,1,2227,2.075000299984822,budget,0,0
98,guided-wkr-budget,1,1,2683,2683,1,2227,2.935269400011748,budget,0,0
98,guided-wkr,1,1,2683,2683,1,1523,2.0045542999869213,posterior,0,0
99,exhaustive,1,1,1066,1066,1,4096,3.7498497999913525,,0,0
99,sequential-earlystop,0,0,82,1066,1,417,0.4264332000166178,extreme-value,0,0
99,random,1,1,1066,1066,1,2227,2.071412199991755,budget,0,0
99,guided-wkr-budget,1,1,1066,1066,1,2227,2.966133199981414,budget,0,0
99,guided-wkr,1,1,1066,1066,1,1472,1.9365071000065655,posterior,0,0
100,exhaustive,1,1,3154,3154,1,4096,3.8185373000160325,,0,0
100,sequential-earlystop,0,0,82,3154,0,83,0.08207639999454841,extreme-value,0,0
100,random,1,1,3154,3154,1,2227,2.0537392999976873,budget,0,0
100,guided-wkr-budget,1,1,3154,3154,1,2227,2.990148799988674,budget,0,0
100,guided-wkr,1,1,3154,3154,1,105,0.1261958999966737,posterior,0,0
101,exhaustive,1,1,2334,2334,1,4096,3.8647896999900695,,0,0
101,sequential-earlystop,0,0,597,2334,0,598,0.5910636000044178,extreme-value,0,0
101,random,1,1,2334,2334,1,2227,2.0823307000100613,budget,0,0
101,guided-wkr-budget,1,1,2334,2334,1,2227,2.9449356999830343,budget,0,0
101,guided-wkr,1,1,2334,2334,1,4096,5.7985167000151705,budget,0,0
102,exhaustive,0,1,2119,1096,0,4096,3.8115259000041988,,0,8
102,sequential-earlystop,0,0,53,1096,0,63,0.06622670000069775,extreme-value,0,8
102,random,0,1,2119,1096,0,2227,2.1008619999920484,budget,0,8
102,guided-wkr-budget,0,1,2119,1096,0,2227,2.993125900015002,budget,0,8
102,guided-wkr,0,1,2119,1096,0,2202,2.9472220000170637,posterior,0,8
103,exhaustive,0,1,2935,2943,0,4096,3.8008526999910828,,0,2
103,sequential-earlystop,0,0,27,2943,1,200,0.2047512999852188,extreme-value,0,2
103,random,0,0,1711,2943,0,2227,2.0933525000000373,budget,0,2
103,guided-wkr-budget,0,1,2935,2943,0,2227,3.1209174999967217,budget,0,2
103,guided-wkr,0,1,2935,2943,0,2503,3.3605780999932904,posterior,0,2
104,exhaustive,0,1,2216,1091,0,4096,3.799631500005489,,0,1
104,sequential-earlystop,0,0,139,1091,0,232,0.22350100000039674,extreme-value,0,1
104,random,0,1,2216,1091,0,2227,2.0805211999977473,budget,0,1
104,guided-wkr-budget,0,1,2216,1091,0,2227,2.9860608000017237,budget,0,1
104,guided-wkr,0,1,2216,1091,0,3894,5.420790300006047,posterior,0,1
105,exhaustive,0,1,2858,129,0,4096,3.7821818999946117,,0,2
105,sequential-earlystop,1,0,129,129,1,130,0.1298854999768082,extreme-value,0,2
105,random,0,1,2858,129,0,2227,2.086298900016118,budget,0,2
105,guided-wkr-budget,0,1,2858,129,0,2227,2.990045899990946,budget,0,2
105,guided-wkr,0,1,2858,129,0,4096,5.73860660000355,budget,0,2
106,exhaustive,1,1,3193,3193,1,4096,3.8290551000100095,,0,0
106,sequential-earlystop,0,0,749,3193,1,750,0.7292855999839958,extreme-value,0,0
106,random,0,0,749,3193,1,2227,2.059740500000771,budget,0,0
106,guided-wkr-budget,1,1,3193,3193,1,2227,2.945982700010063,budget,0,0
106,guided-wkr,1,1,3193,3193,1,2070,2.7707864999829326,posterior,0,0
107,exhaustive,1,1,1958,1958,1,4096,3.8257002999889664,,0,0
107,sequential-earlystop,0,0,83,1958,0,85,0.08265259998734109,extreme-value,0,0
107,random,1,1,1958,1958,1,2227,2.0774053999921307,budget,0,0
107,guided-wkr-budget,1,1,1958,1958,1,2227,2.947315500001423,budget,0,0
107,guided-wkr,1,1,1958,1958,1,1789,2.3331345999904443,posterior,0,0
108,exhaustive,1,1,1131,1131,1,4096,3.8085002999869175,,0,0
108,sequential-earlystop,0,0,332,1131,1,333,0.32194690001779236,extreme-value,0,0
108,random,1,1,1131,1131,1,2227,2.0826830999867525,budget,0,0
108,guided-wkr-budget,1,1,1131,1131,1,2227,2.9385022000060417,budget,0,0
108,guided-wkr,1,1,1131,1131,1,4096,5.694992399978219,budget,0,0
109,exhaustive,0,1,1911,1444,0,4096,3.792636500002118,,0,247
109,sequential-earlystop,0,0,857,1444,0,858,0.8600895999989007,extreme-value,0,247
109,random,0,0,1875,1444,1,2227,2.091153999994276,budget,0,247
109,guided-wkr-budget,0,1,1911,1444,0,2227,2.9594459000218194,budget,0,247
109,guided-wkr,0,1,1911,1444,0,4096,5.724717000004603,budget,0,247
110,exhaustive,1,1,3217,3217,1,4096,3.797703399992315,,0,0
110,sequential-earlystop,0,0,542,3217,1,543,0.5380651000014041,extreme-value,0,0
110,random,0,0,2498,3217,1,2227,2.055142400000477,budget,0,0
110,guided-wkr-budget,1,1,3217,3217,1,2227,2.958154799998738,budget,0,0
110,guided-wkr,1,1,3217,3217,1,4096,5.781527899991488,budget,0,0
111,exhaustive,1,1,1831,1831,1,4096,3.7973071000014897,,0,0
111,sequential-earlystop,0,0,36,1831,1,37,0.033177000004798174,extreme-value,0,0
111,random,1,1,1831,1831,1,2227,2.0740880999946967,budget,0,0
111,guided-wkr-budget,1,1,1831,1831,1,2227,2.977756899985252,budget,0,0
111,guided-wkr,1,1,1831,1831,1,450,0.5676688000094146,posterior,0,0
112,exhaustive,1,1,1728,1728,1,4096,3.7659887000045273,,0,0
112,sequential-earlystop,0,0,242,1728,1,243,0.23120929999276996,extreme-value,0,0
112,random,1,1,1728,1728,1,2227,2.067505799990613,budget,0,0
112,guided-wkr-budget,1,1,1728,1728,1,2227,2.9470047999930102,budget,0,0
112,guided-wkr,1,1,1728,1728,1,4096,5.723698899993906,budget,0,0
113,exhaustive,1,1,2452,2452,1,4096,3.8130683999916073,,0,0
113,sequential-earlystop,0,0,24,2452,0,61,0.05510839997441508,extreme-value,0,0
113,random,0,0,916,2452,1,2227,2.0813983999833,budget,0,0
113,guided-wkr-budget,1,1,2452,2452,1,2227,2.9147738000028767,budget,0,0
113,guided-wkr,1,1,2452,2452,1,2640,3.547190599987516,posterior,0,0
114,exhaustive,1,1,1706,1706,1,4096,3.8443697999755386,,0,0
114,sequential-earlystop,0,0,118,1706,0,148,0.13724320000619628,extreme-value,0,0
114,random,1,1,1706,1706,1,2227,2.0950196999765467,budget,0,0
114,guided-wkr-budget,1,1,1706,1706,1,2227,2.9823660000110976,budget,0,0
114,guided-wkr,1,1,1706,1706,1,3682,5.1436326000257395,posterior,0,0
115,exhaustive,1,1,3635,3635,1,4096,3.8318607000110205,,0,0
115,sequential-earlystop,0,0,256,3635,1,257,0.242886299995007,extreme-value,0,0
115,random,1,1,3635,3635,1,2227,2.0768765000102576,budget,0,0
115,guided-wkr-budget,1,1,3635,3635,1,2227,2.975936200004071,budget,0,0
115,guided-wkr,1,1,3635,3635,1,2820,3.8295336000155658,posterior,0,0
116,exhaustive,1,1,4087,4087,1,4096,3.761932399997022,,0,0
116,sequential-earlystop,0,0,983,4087,1,984,0.9745579999871552,extreme-value,0,0
116,random,1,1,4087,4087,1,2227,2.050482499995269,budget,0,0
116,guided-wkr-budget,1,1,4087,4087,1,2227,2.9387463000020944,budget,0,0
116,guided-wkr,1,1,4087,4087,1,1031,1.3280931999906898,posterior,0,0
117,exhaustive,1,1,1027,1027,1,4096,3.8261122000112664,,0,0
117,sequential-earlystop,0,0,129,1027,1,130,0.12931879999814555,extreme-value,0,0
117,random,0,0,505,1027,1,2227,2.089981000026455,budget,0,0
117,guided-wkr-budget,1,1,1027,1027,1,2227,3.0832723999919835,budget,0,0
117,guided-wkr,1,1,1027,1027,1,3228,4.4364346000074875,posterior,0,0
118,exhaustive,1,1,171,171,1,4096,3.8374654999934137,,0,0
118,sequential-earlystop,0,0,82,171,0,86,0.08020979998400435,extreme-value,0,0
118,random,1,1,171,171,1,2227,2.0659874999837484,budget,0,0
118,guided-wkr-budget,1,1,171,171,1,2227,3.002735499991104,budget,0,0
118,guided-wkr,1,1,171,171,1,768,0.9978966999915428,posterior,0,0
119,exhaustive,1,1,2910,2910,1,4096,3.8192972999822814,,0,0
119,sequential-earlystop,0,0,18,2910,0,32,0.029699400009121746,extreme-value,0,0
119,random,0,0,2894,2910,0,2227,2.079102999996394,budget,0,0
119,guided-wkr-budget,1,1,2910,2910,1,2227,2.9406934000144247,budget,0,0
119,guided-wkr,1,1,2910,2910,1,1952,2.600762299989583,posterior,0,0
120,exhaustive,1,1,2364,2364,1,4096,3.8126187999732792,,0,0
120,sequential-earlystop,0,0,97,2364,1,270,0.27159129999927245,extreme-value,0,0
120,random,1,1,2364,2364,1,2227,2.0764339999877848,budget,0,0
120,guided-wkr-budget,1,1,2364,2364,1,2227,2.928785700001754,budget,0,0
120,guided-wkr,1,1,2364,2364,1,2978,3.9976079000043683,posterior,0,0
121,exhaustive,1,1,1770,1770,1,4096,3.7479339000128675,,0,0
121,sequential-earlystop,0,0,683,1770,0,684,0.6649514000164345,extreme-value,0,0
121,random,1,1,1770,1770,1,2227,2.1010645999922417,budget,0,0
121,guided-wkr-budget,1,1,1770,1770,1,2227,2.928060700010974,budget,0,0
121,guided-wkr,1,1,1770,1770,1,1334,1.7703205000143498,posterior,0,0
122,exhaustive,1,1,1035,1035,1,4096,3.7718587999988813,,0,0
122,sequential-earlystop,0,0,32,1035,0,60,0.052320900023914874,extreme-value,0,0
122,random,0,0,652,1035,0,2227,2.0906966000038665,budget,0,0
122,guided-wkr-budget,1,1,1035,1035,1,2227,2.9588822000077926,budget,0,0
122,guided-wkr,1,1,1035,1035,1,882,1.1364041999913752,posterior,0,0
123,exhaustive,0,1,57,41,0,4096,3.8377993000030983,,0,3
123,sequential-earlystop,0,0,37,41,0,38,0.03631850000238046,extreme-value,0,3
123,random,0,0,2486,41,1,2227,2.0813369000097737,budget,0,3
123,guided-wkr-budget,0,1,57,41,0,2227,2.921890900004655,budget,0,3
123,guided-wkr,0,0,235,41,1,65,0.0843894999998156,posterior,0,3
124,exhaustive,1,1,1996,1996,1,4096,3.801930799992988,,0,0
124,sequential-earlystop,0,0,57,1996,1,418,0.40803399999276735,extreme-value,0,0
124,random,0,0,2012,1996,0,2227,2.0982874000037555,budget,0,0
124,guided-wkr-budget,1,1,1996,1996,1,2227,2.966757399990456,budget,0,0
124,guided-wkr,1,1,1996,1996,1,436,0.5599255000124685,posterior,0,0
125,exhaustive,1,1,3729,3729,1,4096,3.838951100013219,,0,0
125,sequential-earlystop,0,0,9,3729,1,32,0.029522099997848272,extreme-value,0,0
125,random,1,1,3729,3729,1,2227,2.0702882999903522,budget,0,0
125,guided-wkr-budget,1,1,3729,3729,1,2227,2.9343391000002157,budget,0,0
125,guided-wkr,1,1,3729,3729,1,4096,5.7313879999856,budget,0,0
126,exhaustive,1,1,1286,1286,1,4096,3.8853035000211094,,0,0
126,sequential-earlystop,0,0,36,1286,1,37,0.0325466999784112,extreme-value,0,0
126,random,0,0,1088,1286,0,2227,2.1041857000091113,budget,0,0
126,guided-wkr-budget,1,1,1286,1286,1,2227,2.9634363000222947,budget,0,0
126,guided-wkr,1,1,1286,1286,1,3892,5.388071299996227,posterior,0,0
127,exhaustive,1,1,3833,3833,1,4096,3.7795827999943867,,0,0
127,sequential-earlystop,0,0,31,3833,0,128,0.12309570002253167,extreme-value,0,0
127,random,0,0,1401,3833,0,2227,2.062876000010874,budget,0,0
127,guided-wkr-budget,1,1,3833,3833,1,2227,2.964425600017421,budget,0,0
127,guided-wkr,1,1,3833,3833,1,4096,5.769164799974533,budget,0,0
128,exhaustive,0,1,1640,2023,1,4096,3.7838628999888897,,0,4
128,sequential-earlystop,0,0,29,2023,1,45,0.04076440000790171,extreme-value,0,4
128,random,0,1,1640,2023,1,2227,2.083985900011612,budget,0,4
128,guided-wkr-budget,0,1,1640,2023,1,2227,2.9962824000103865,budget,0,4
128,guided-wkr,0,1,1640,2023,1,4096,5.776992399973096,budget,0,4
129,exhaustive,0,1,1451,2966,1,4096,3.7307703999977093,,0,5
129,sequential-earlystop,0,0,503,2966,1,521,0.5085538999992423,extreme-value,0,5
129,random,0,1,1451,2966,1,2227,2.1202306000050157,budget,0,5
129,guided-wkr-budget,0,0,2952,2966,1,2227,2.9534323000116274,budget,0,5
129,guided-wkr,0,1,1451,2966,1,3519,4.940995299984934,posterior,0,5
130,exhaustive,1,1,4030,4030,1,4096,3.825027399987448,,0,0
130,sequential-earlystop,0,0,0,4030,1,32,0.029704099986702204,extreme-value,0,0
130,random,0,0,4031,4030,0,2227,2.0724190000037197,budget,0,0
130,guided-wkr-budget,1,1,4030,4030,1,2227,2.9705429000023287,budget,0,0
130,guided-wkr,1,1,4030,4030,1,1297,1.6589667999942321,posterior,0,0
131,exhaustive,1,1,3771,3771,1,4096,3.781163399980869,,0,0
131,sequential-earlystop,0,0,212,3771,1,213,0.2049360999953933,extreme-value,0,0
131,random,0,0,2743,3771,1,2227,2.0732389999902807,budget,0,0
131,guided-wkr-budget,1,1,3771,3771,1,2227,2.9915358999860473,budget,0,0
131,guided-wkr,1,1,3771,3771,1,497,0.629163499979768,posterior,0,0
132,exhaustive,1,1,1957,1957,1,4096,3.8160932999744546,,0,0
132,sequential-earlystop,0,0,359,1957,0,360,0.3496162000228651,extreme-value,0,0
132,random,1,1,1957,1957,1,2227,2.065757400006987,budget,0,0
132,guided-wkr-budget,1,1,1957,1957,1,2227,2.9235086000117008,budget,0,0
132,guided-wkr,1,1,1957,1957,1,862,1.1307970999914687,posterior,0,0
133,exhaustive,1,1,2171,2171,1,4096,3.861404199997196,,0,0
133,sequential-earlystop,0,0,23,2171,0,78,0.07267350002075545,extreme-value,0,0
133,random,0,0,2151,2171,1,2227,2.098329800006468,budget,0,0
133,guided-wkr-budget,1,1,2171,2171,1,2227,2.9343337999889627,budget,0,0
133,guided-wkr,1,1,2171,2171,1,4096,5.678730399988126,budget,0,0
134,exhaustive,0,1,540,512,1,4096,3.8094467999762855,,0,8
134,sequential-earlystop,0,0,76,512,0,77,0.07227040000725538,extreme-value,0,8
134,random,0,0,2903,512,1,2227,2.090624000004027,budget,0,8
134,guided-wkr-budget,0,1,540,512,1,2227,2.9349396000034176,budget,0,8
134,guided-wkr,0,1,540,512,1,4096,5.699699399992824,budget,0,8
135,exhaustive,0,1,3754,3770,0,4096,3.8332449999870732,,0,2
135,sequential-earlystop,0,0,34,3770,1,496,0.47392319998471066,extreme-value,0,2
135,random,0,0,2106,3770,1,2227,2.068560699990485,budget,0,2
135,guided-wkr-budget,0,1,3754,3770,0,2227,2.9160583000048064,budget,0,2
135,guided-wkr,0,1,3754,3770,0,4096,5.792471199994907,budget,0,2
136,exhaustive,1,1,3162,3162,1,4096,3.819690800009994,,0,0
136,sequential-earlystop,0,0,819,3162,0,820,0.8197569999902043,extreme-value,0,0
136,random,0,0,1409,3162,1,2227,2.0920155000058003,budget,0,0
136,guided-wkr-budget,1,1,3162,3162,1,2227,2.957561799994437,budget,0,0
136,guided-wkr,1,1,3162,3162,1,2059,2.7256388000096194,posterior,0,0
137,exhaustive,1,1,3250,3250,1,4096,3.776358099974459,,0,0
137,sequential-earlystop,0,0,94,3250,0,253,0.25479349997476675,extreme-value,0,0
137,random,0,0,582,3250,0,2227,2.083450100006303,budget,0,0
137,guided-wkr-budget,1,1,3250,3250,1,2227,2.9423894999781623,budget,0,0
137,guided-wkr,1,1,3250,3250,1,4096,5.770827800006373,budget,0,0
138,exhaustive,1,1,2846,2846,1,4096,3.8028095999907237,,0,0
138,sequential-earlystop,0,0,18,2846,0,116,0.1108896000077948,extreme-value,0,0
138,random,0,0,2834,2846,0,2227,2.049681700009387,budget,0,0
138,guided-wkr-budget,1,1,2846,2846,1,2227,2.965934300009394,budget,0,0
138,guided-wkr,1,1,2846,2846,1,1821,2.398004199989373,posterior,0,0
139,exhaustive,1,1,2576,2576,1,4096,3.7857331999985036,,0,0
139,sequential-earlystop,0,0,783,2576,1,784,0.7914736999955494,extreme-value,0,0
139,random,1,1,2576,2576,1,2227,2.0854577000136487,budget,0,0
139,guided-wkr-budget,1,1,2576,2576,1,2227,2.8904343999747653,budget,0,0
139,guided-wkr,1,1,2576,2576,1,1589,2.0686051000084262,posterior,0,0
140,exhaustive,1,1,1216,1216,1,4096,3.8393825000093784,,0,0
140,sequential-earlystop,0,0,707,1216,1,917,0.911518699984299,extreme-value,0,0
140,random,1,1,1216,1216,1,2227,2.0783429000002798,budget,0,0
140,guided-wkr-budget,1,1,1216,1216,1,2227,2.972102100000484,budget,0,0
140,guided-wkr,1,1,1216,1216,1,3546,5.020830699999351,posterior,0,0
141,exhaustive,1,1,908,908,1,4096,3.7889288000005763,,0,0
141,sequential-earlystop,0,0,107,908,1,138,0.13025360001483932,extreme-value,0,0
141,random,0,0,1641,908,0,2227,2.0855837000126485,budget,0,0
141,guided-wkr-budget,1,1,908,908,1,2227,2.906732600007672,budget,0,0
141,guided-wkr,1,1,908,908,1,4096,5.809053099976154,budget,0,0
142,exhaustive,1,1,1195,1195,1,4096,3.7564693999884184,,0,0
142,sequential-earlystop,0,0,941,1195,1,942,1.0509466000075918,extreme-value,0,0
142,random,0,0,1207,1195,1,2227,2.064303799998015,budget,0,0
142,guided-wkr-budget,1,1,1195,1195,1,2227,2.9805429999832995,budget,0,0
142,guided-wkr,1,1,1195,1195,1,1275,1.6732245000021067,posterior,0,0
143,exhaustive,0,1,3788,780,1,4096,3.821783899998991,,0,1
143,sequential-earlystop,0,0,60,780,0,86,0.08285899998736568,extreme-value,0,1
143,random,0,1,3788,780,1,2227,2.0809138999902643,budget,0,1
143,guided-wkr-budget,0,1,3788,780,1,2227,2.9533656999992672,budget,0,1
143,guided-wkr,0,1,3788,780,1,3685,5.124441799998749,posterior,0,1
144,exhaustive,1,1,302,302,1,4096,3.776031699992018,,0,0
144,sequential-earlystop,0,0,280,302,0,281,0.27938789999461733,extreme-value,0,0
144,random,1,1,302,302,1,2227,2.0717578000039794,budget,0,0
144,guided-wkr-budget,1,1,302,302,1,2227,2.951993599999696,budget,0,0
144,guided-wkr,1,1,302,302,1,236,0.2939335000119172,posterior,0,0
145,exhaustive,1,1,2297,2297,1,4096,3.74146180000389,,0,0
145,sequential-earlystop,0,0,27,2297,1,86,0.08491350000258535,extreme-value,0,0
145,random,1,1,2297,2297,1,2227,2.1040665000036824,budget,0,0
145,guided-wkr-budget,1,1,2297,2297,1,2227,2.962748499994632,budget,0,0
145,guided-wkr,1,1,2297,2297,1,4096,5.823366999975406,budget,0,0
146,exhaustive,1,1,2194,2194,1,4096,3.8106413999921642,,0,0
146,sequential-earlystop,0,0,62,2194,0,263,0.2711176000011619,extreme-value,0,0
146,random,1,1,2194,2194,1,2227,2.1035375999927055,budget,0,0
146,guided-wkr-budget,1,1,2194,2194,1,2227,2.9322749999992084,budget,0,0
146,guided-wkr,1,1,2194,2194,1,1530,1.9713723000022583,posterior,0,0
147,exhaustive,1,1,1097,1097,1,4096,3.8504483999859076,,0,0
147,sequential-earlystop,0,0,137,1097,1,138,0.1342583000077866,extreme-value,0,0
147,random,1,1,1097,1097,1,2227,2.0925207999825943,budget,0,0
147,guided-wkr-budget,1,1,1097,1097,1,2227,2.9744618000113405,budget,0,0
147,guided-wkr,0,0,375,1097,0,61,0.07466129999374971,posterior,0,0
148,exhaustive,1,1,2868,2868,1,4096,3.8512203999853227,,0,0
148,sequential-earlystop,0,0,36,2868,0,76,0.07112519998918287,extreme-value,0,0
148,random,0,0,2224,2868,1,2227,2.0620447999972384,budget,0,0
148,guided-wkr-budget,1,1,2868,2868,1,2227,3.1379050000105053,budget,0,0
148,guided-wkr,1,1,2868,2868,1,3331,4.5507342999917455,posterior,0,0
149,exhaustive,1,1,2967,2967,1,4096,3.8395773000083864,,0,0
149,sequential-earlystop,0,0,22,2967,1,39,0.037386300013167784,extreme-value,0,0
149,random,0,0,2721,2967,0,2227,2.099266900011571,budget,0,0
149,guided-wkr-budget,1,1,2967,2967,1,2227,3.0034179000067525,budget,0,0
149,guided-wkr,1,1,2967,2967,1,81,0.10339400000520982,posterior,0,0
