budget_frac,budget,exhaustive_success,guided-wkr_success,guided-wkr_agreement,random_success,random_agreement,sequential_success,sequential_agreement
0.005,20,0.68,0.03,0.04,0.02,0.0,0.0,0.0
0.01,41,0.68,0.16,0.19,0.02,0.0,0.01,0.01
0.015,61,0.68,0.19,0.23,0.03,0.01,0.01,0.01
0.02,82,0.68,0.26,0.33,0.03,0.02,0.03,0.03
0.03,123,0.68,0.33,0.44,0.05,0.04,0.04,0.03
0.04,164,0.68,0.36,0.51,0.06,0.05,0.05,0.04
0.05,205,0.68,0.39,0.57,0.09,0.08,0.06,0.05
0.075,307,0.68,0.46,0.67,0.12,0.12,0.12,0.13
0.1,410,0.68,0.5,0.72,0.13,0.15,0.13,0.15
0.125,512,0.68,0.54,0.76,0.13,0.16,0.17,0.2
0.15,614,0.68,0.56,0.8,0.14,0.19,0.17,0.22
0.2,819,0.68,0.59,0.86,0.15,0.21,0.22,0.27
0.25,1024,0.68,0.6,0.87,0.19,0.28,0.23,0.29
0.3,1229,0.68,0.63,0.9,0.23,0.32,0.28,0.36
0.4,1638,0.68,0.66,0.95,0.33,0.45,0.33,0.42
0.5,2048,0.68,0.67,0.98,0.41,0.53,0.42,0.5
0.75,3072,0.68,0.68,1.0,0.54,0.76,0.53,0.79
1.0,4096,0.68,0.68,1.0,0.68,1.0,0.68,1.0
