stop_posterior,queries_median,queries_mean,queries_p95,queries_frac_median,agreement,success
0.3,93.0,125.28,385.79999999999933,0.022705078125,0.28,0.2
0.4,118.0,218.04,615.3999999999999,0.02880859375,0.4,0.36
0.5,187.0,269.12,797.1999999999996,0.045654296875,0.48,0.44
0.6,257.0,532.24,1623.999999999999,0.062744140625,0.72,0.64
0.7,259.0,574.2,1830.4,0.063232421875,0.8,0.72
0.75,259.0,634.2,2107.199999999999,0.063232421875,0.8,0.72
0.8,305.0,753.04,2655.999999999998,0.074462890625,0.84,0.76
0.85,414.0,839.36,2870.9999999999986,0.10107421875,0.88,0.76
0.9,418.0,1014.32,3120.9999999999995,0.10205078125,0.92,0.8
0.95,592.0,1313.16,4030.199999999999,0.14453125,0.92,0.8
0.975,1660.0,1905.8,4096.0,0.4052734375,1.0,0.76
0.99,2455.0,2135.56,4096.0,0.599365234375,1.0,0.76
0.995,3362.0,2430.24,4096.0,0.82080078125,1.0,0.76
0.999,3994.0,2692.12,4096.0,0.97509765625,1.0,0.76
0.9999,4096.0,2980.92,4096.0,1.0,1.0,0.76
