trial,method,success,agrees_with_exhaustive,n_evals,seconds,stopped_by,rank_of_true
0,exhaustive,1,1,4096,0.7027382000233047,,0
0,sequential-earlystop,0,0,32,0.004461600008653477,extreme-value,0
0,random,0,0,1024,0.16995529999257997,budget,0
0,guided-wkr,1,1,37,0.02003109999350272,posterior,0
1,exhaustive,1,1,4096,0.7912424000096507,,0
1,sequential-earlystop,0,0,168,0.03938660002313554,extreme-value,0
1,random,0,0,1024,0.2347684999986086,budget,0
1,guided-wkr,1,1,52,0.028505099995527416,posterior,0
2,exhaustive,1,1,4096,0.9503450999909546,,0
2,sequential-earlystop,0,0,493,0.13273199999821372,extreme-value,0
2,random,0,0,1024,0.22457009999197908,budget,0
2,guided-wkr,1,1,32,0.018522600003052503,posterior,0
3,exhaustive,1,1,4096,0.9156361999921501,,0
3,sequential-earlystop,0,0,440,0.11750079999910668,extreme-value,0
3,random,1,1,1024,0.24100239999825135,budget,0
3,guided-wkr,0,0,141,0.08084630002849735,posterior,0
4,exhaustive,1,1,4096,0.9318443999800365,,0
4,sequential-earlystop,0,0,304,0.07825909997336566,extreme-value,0
4,random,0,0,1024,0.22874550000415184,budget,0
4,guided-wkr,1,1,91,0.049730600003385916,posterior,0
5,exhaustive,1,1,4096,0.7880186999973375,,0
5,sequential-earlystop,0,0,927,0.1980473999865353,extreme-value,0
5,random,0,0,1024,0.19712679999065585,budget,0
5,guided-wkr,0,0,100,0.05023359999177046,posterior,0
6,exhaustive,1,1,4096,0.7245029000041541,,0
6,sequential-earlystop,0,0,140,0.035332399973412976,extreme-value,0
6,random,1,1,1024,0.17630530000315048,budget,0
6,guided-wkr,1,1,44,0.021130299981450662,posterior,0
7,exhaustive,1,1,4096,0.7380001000128686,,0
7,sequential-earlystop,0,0,32,0.004373400006443262,extreme-value,0
7,random,0,0,1024,0.15386029999353923,budget,0
7,guided-wkr,0,0,209,0.11241850000806153,posterior,0
8,exhaustive,1,1,4096,0.675645599985728,,0
8,sequential-earlystop,0,0,336,0.06805329999770038,extreme-value,0
8,random,0,0,1024,0.19206149998353794,budget,0
8,guided-wkr,1,1,183,0.0950001000019256,posterior,0
9,exhaustive,1,1,4096,0.7573131000099238,,0
9,sequential-earlystop,0,0,76,0.012220699980389327,extreme-value,0
9,random,1,1,1024,0.16809819999616593,budget,0
9,guided-wkr,1,1,362,0.18590779998339713,posterior,0
10,exhaustive,1,1,4096,0.7106136999791488,,0
10,sequential-earlystop,0,0,2479,0.640503800008446,extreme-value,0
10,random,0,0,1024,0.1863972000137437,budget,0
10,guided-wkr,1,1,33,0.013942999998107553,posterior,0
11,exhaustive,1,1,4096,0.6000965000130236,,0
11,sequential-earlystop,0,0,250,0.0451284000009764,extreme-value,0
11,random,0,0,1024,0.1783417999977246,budget,0
11,guided-wkr,0,0,32,0.014657299994723871,posterior,0
12,exhaustive,1,1,4096,0.6632649000093807,,0
12,sequential-earlystop,0,0,59,0.013307199988048524,extreme-value,0
12,random,0,0,1024,0.16978399999788962,budget,0
12,guided-wkr,1,1,44,0.02184609998948872,posterior,0
13,exhaustive,1,1,4096,0.662883300014073,,0
13,sequential-earlystop,0,0,222,0.05350549999275245,extreme-value,0
13,random,0,0,1024,0.1657859999977518,budget,0
13,guided-wkr,0,0,57,0.027796700014732778,posterior,0
14,exhaustive,1,1,4096,1.0987886000075378,,0
14,sequential-earlystop,0,0,55,0.017876700003398582,extreme-value,0
14,random,0,0,1024,0.26545140001690015,budget,0
14,guided-wkr,0,0,34,0.020684100018115714,posterior,0
15,exhaustive,1,1,4096,0.9909897999896202,,0
15,sequential-earlystop,0,0,32,0.007735199993476272,extreme-value,0
15,random,0,0,1024,0.26272569998400286,budget,0
15,guided-wkr,1,1,94,0.07646959999692626,posterior,0
16,exhaustive,1,1,4096,1.126556300005177,,0
16,sequential-earlystop,0,0,106,0.026450300007127225,extreme-value,0
16,random,0,0,1024,0.2278492999903392,budget,0
16,guided-wkr,1,1,59,0.03131789999315515,posterior,0
17,exhaustive,1,1,4096,0.905087299994193,,0
17,sequential-earlystop,0,0,39,0.008910700009437278,extreme-value,0
17,random,0,0,1024,0.23134070000378415,budget,0
17,guided-wkr,1,1,39,0.020465900015551597,posterior,0
18,exhaustive,1,1,4096,0.8397714000020642,,0
18,sequential-earlystop,0,0,106,0.023553500010166317,extreme-value,0
18,random,1,1,1024,0.2018104000017047,budget,0
18,guided-wkr,1,1,134,0.0683292000030633,posterior,0
19,exhaustive,1,1,4096,0.6903060999757145,,0
19,sequential-earlystop,0,0,216,0.048252400010824203,extreme-value,0
19,random,0,0,1024,0.1859299999778159,budget,0
19,guided-wkr,1,1,32,0.01602670000283979,posterior,0
