design,budget_frac,budget,success,agreement
random,0.02,82,0.16,0.16
random,0.05,205,0.4,0.52
random,0.075,307,0.44,0.56
random,0.1,410,0.44,0.56
random,0.15,614,0.52,0.72
random,0.2,819,0.56,0.84
random,0.25,1024,0.6,0.88
random,0.5,2048,0.68,1.0
random,1.0,4096,0.68,1.0
covering@0.25,0.02,82,0.04,0.04
covering@0.25,0.05,205,0.08,0.08
covering@0.25,0.075,307,0.32,0.32
covering@0.25,0.1,410,0.44,0.52
covering@0.25,0.15,614,0.6,0.8
covering@0.25,0.2,819,0.6,0.8
covering@0.25,0.25,1024,0.64,0.92
covering@0.25,0.5,2048,0.68,1.0
covering@0.25,1.0,4096,0.68,1.0
covering@0.375,0.02,82,0.0,0.0
covering@0.375,0.05,205,0.0,0.0
covering@0.375,0.075,307,0.04,0.04
covering@0.375,0.1,410,0.04,0.08
covering@0.375,0.15,614,0.48,0.68
covering@0.375,0.2,819,0.6,0.84
covering@0.375,0.25,1024,0.6,0.88
covering@0.375,0.5,2048,0.68,1.0
covering@0.375,1.0,4096,0.68,1.0
covering@0.5,0.02,82,0.04,0.04
covering@0.5,0.05,205,0.08,0.08
covering@0.5,0.075,307,0.08,0.08
covering@0.5,0.1,410,0.08,0.08
covering@0.5,0.15,614,0.08,0.12
covering@0.5,0.2,819,0.08,0.16
covering@0.5,0.25,1024,0.16,0.2
covering@0.5,0.5,2048,0.64,0.96
covering@0.5,1.0,4096,0.68,1.0
